INSERT INTO `article` (`ArticleId`, `ArticleDescription`, `ArticleName`, `ArticleNumber`) VALUES ('7f44c179-b893-11e7-9230-3c970e774c5d', 'Test Article 1', 'Test Article 1', '1');
INSERT INTO `article` (`ArticleId`, `ArticleDescription`, `ArticleName`, `ArticleNumber`) VALUES ('c1f05170-b893-11e7-9230-3c970e774c5d', 'Test Article 2', 'Test Article 2', '2'), ('c1f05b80-b893-11e7-9230-3c970e774c5d', 'Test Article 3', 'Test Article 3', '3');
INSERT INTO `useraccount` (`UserAccountId`) VALUES ('d6bf7f31-b893-11e7-9230-3c970e774c5d'), ('d6bf876b-b893-11e7-9230-3c970e774c5d');
INSERT INTO `shoppingcart` (`ShoppingCartId`, `state`, `order_OrderId`, `userAccount_UserAccountId`, `discountType`) VALUES ('eac5c93e-b896-11e7-9230-3c970e774c5d', 'Not Ordered', NULL, 'd6bf7f31-b893-11e7-9230-3c970e774c5d', 'None'), ('eac5d304-b896-11e7-9230-3c970e774c5d', 'Not Ordered', NULL, 'd6bf876b-b893-11e7-9230-3c970e774c5d', 'Discount');
INSERT INTO `shoppingcartitem` (`ShoppingCartItemId`, `Quantity`, `Amount`, `Currency`, `article_ArticleId`, `shoppingCart_ShoppingCartId`, `discountType`) VALUES ('304d1e91-b897-11e7-9230-3c970e774c5d', '2', '2', 'EURO', '7f44c179-b893-11e7-9230-3c970e774c5d', 'eac5c93e-b896-11e7-9230-3c970e774c5d', 'None'), ('304d2952-b897-11e7-9230-3c970e774c5d', '1', '1.5', 'EURO', 'c1f05b80-b893-11e7-9230-3c970e774c5d', 'eac5c93e-b896-11e7-9230-3c970e774c5d', 'None'), ('304d3078-b897-11e7-9230-3c970e774c5d', '10', '1', 'EURO', 'c1f05170-b893-11e7-9230-3c970e774c5d', 'eac5c93e-b896-11e7-9230-3c970e774c5d', 'Three for Two'), ('304d3788-b897-11e7-9230-3c970e774c5d', '3', '3.49', 'EURO', 'c1f05b80-b893-11e7-9230-3c970e774c5d', 'eac5d304-b896-11e7-9230-3c970e774c5d', 'None');